501,Jethro,Iacovolo,jiacovolodw@economist.com,Male,Marketing,Youspan
502,Marieann,Masding,mmasdingdx@noaa.gov,Female,Accounting,Einti
503,Tadeo,Lippett,tlippettdy@amazon.co.uk,Male,Marketing,Meembee
504,Paxton,Togher,ptogherdz@wp.com,Male,Engineering,Cogidoo
505,Ilka,Million,imillione0@sbwire.com,Female,Marketing,Ainyx
506,Averil,Herion,aherione1@jimdo.com,Male,Engineering,Browsetype
507,Petunia,Silbermann,psilbermanne2@google.com.au,Female,Legal,Jetpulse
508,Rolph,Cullity,rcullitye3@parallels.com,Male,Accounting,Fliptune
509,Hilly,Bartolini,hbartolinie4@ustream.tv,Male,Research and Development,Voonte
510,Cyndia,Becks,cbeckse5@weather.com,Female,Human Resources,Meezzy
511,Winnifred,Rudiger,wrudigere6@aol.com,Female,Business Development,Skilith
512,Isa,Hostan,ihostane7@elegantthemes.com,Male,Marketing,Trupe
513,Kassandra,Benka,kbenkae8@technorati.com,Female,Support,Skinte
514,Bobette,Courtin,bcourtine9@ebay.com,Female,Human Resources,Tagcat
515,Jeanelle,Cayley,jcayleyea@msu.edu,Female,Engineering,Wordtune
516,Esra,Abbay,eabbayeb@joomla.org,Male,Human Resources,Realbuzz
517,Sayres,Maude,smaudeec@vkontakte.ru,Male,Accounting,Yadel
518,Alon,Cough,acoughed@ucoz.ru,Male,Legal,Kaymbo
519,Othelia,Patching,opatchingee@whitehouse.gov,Female,Human Resources,Voonyx
520,Carce,Vlasov,cvlasovef@qq.com,Male,Engineering,Blognation
521,Jillane,Dimitriou,jdimitrioueg@sakura.ne.jp,Female,Research and Development,Realcube
522,Raffarty,Clardge,rclardgeeh@nifty.com,Male,Product Management,Photobug
523,Royal,Philipeau,rphilipeauei@topsy.com,Male,Product Management,Realcube
524,Caz,Braxton,cbraxtonej@adobe.com,Male,Research and Development,Browsezoom
525,Carrie,Grane,cgraneek@sphinn.com,Female,Marketing,Bubbletube
526,Chrissy,Bridgewater,cbridgewaterel@nature.com,Female,Services,Roombo
527,Tait,Badrock,tbadrockem@apple.com,Male,Sales,Trudoo
528,Isa,Arnold,iarnolden@utexas.edu,Female,Support,Feedspan
529,Katharina,Denson,kdensoneo@ted.com,Female,Business Development,Chatterbridge
530,Trip,Mollen,tmollenep@g.co,Male,Human Resources,Einti
531,Mickey,Hards,mhardseq@github.io,Male,Accounting,Thoughtblab
532,Georgetta,Faulkes,gfaulkeser@addtoany.com,Female,Marketing,Quatz
533,Verna,Wilshaw,vwilshawes@uiuc.edu,Female,Accounting,Yakitri
534,Paten,MacKintosh,pmackintoshet@npr.org,Male,Research and Development,Dynazzy
535,Aldwin,Dengate,adengateeu@alexa.com,Male,Marketing,Fadeo
536,Astrix,Rowlett,arowlettev@theatlantic.com,Female,Marketing,Devbug
537,Billy,Tuminini,btumininiew@state.tx.us,Female,Product Management,Pixoboo
538,Orlan,Jearum,ojearumex@nytimes.com,Male,Legal,Fanoodle
539,Davon,Chattock,dchattockey@upenn.edu,Male,Marketing,Avaveo
540,Casandra,Joontjes,cjoontjesez@amazon.com,Female,Training,Fivespan
541,Bendicty,Yarwood,byarwoodf0@hostgator.com,Male,Legal,Jabbertype
542,Trev,Lardier,tlardierf1@sun.com,Male,Business Development,Meevee
543,Alister,Hannay,ahannayf2@cmu.edu,Male,Accounting,Viva
544,Oran,Wakerley,owakerleyf3@theatlantic.com,Male,Training,Pixope
545,Henryetta,Longfoot,hlongfootf4@joomla.org,Female,Sales,Vipe
546,Kaitlin,Collop,kcollopf5@e-recht24.de,Female,Business Development,Rhynoodle
547,Idalina,Duncan,iduncanf6@phpbb.com,Female,Training,Mydeo
548,Hilliary,Leicester,hleicesterf7@youku.com,Female,Sales,Cogidoo
549,Ave,Burrill,aburrillf8@irs.gov,Male,Engineering,Midel
550,Guillema,Mastrantone,gmastrantonef9@patch.com,Female,Legal,Tagtune
551,Rodger,Brosio,rbrosiofa@free.fr,Male,Product Management,Vidoo
552,Renault,Dorricott,rdorricottfb@phpbb.com,Male,Product Management,Youfeed
553,Khalil,Mooring,kmooringfc@51.la,Male,Accounting,Photobug
554,Nevins,Wynch,nwynchfd@patch.com,Male,Support,Skyba
555,Radcliffe,Doman,rdomanfe@shareasale.com,Male,Research and Development,Flipopia
556,Kristina,Bromhead,kbromheadff@nationalgeographic.com,Female,Business Development,Eare
557,Emogene,Van Velde,evanveldefg@istockphoto.com,Female,Product Management,Jayo
558,Marylinda,Vear,mvearfh@skype.com,Female,Research and Development,Wikibox
559,Taylor,West,twestfi@ucla.edu,Male,Marketing,Wordpedia
560,Annabella,Rebillard,arebillardfj@artisteer.com,Female,Engineering,Twitternation
561,Howey,Cringle,hcringlefk@un.org,Male,Services,Cogidoo
562,Ara,Wardell,awardellfl@unc.edu,Male,Legal,Oyondu
563,Obadias,Borges,oborgesfm@usgs.gov,Male,Training,Yombu
564,Darbee,Stych,dstychfn@bluehost.com,Male,Product Management,Dynazzy
565,Fanny,Alfonsetto,falfonsettofo@businessweek.com,Female,Training,Rhycero
566,Pamella,Fane,pfanefp@tiny.cc,Female,Services,Kimia
567,Bail,De Beneditti,bdebenedittifq@mashable.com,Male,Engineering,Zava
568,Lynett,Ogden,logdenfr@forbes.com,Female,Product Management,Skiba
569,Denver,Kite,dkitefs@noaa.gov,Male,Business Development,Cogilith
570,Quill,Fishburn,qfishburnft@paginegialle.it,Male,Support,Gigaclub
571,Guinna,Boston,gbostonfu@google.de,Female,Human Resources,Ainyx
572,Giulietta,Staveley,gstaveleyfv@netlog.com,Female,Business Development,Agimba
573,Kaylyn,Ovenden,kovendenfw@msn.com,Female,Legal,Quimm
574,Micheline,McRory,mmcroryfx@independent.co.uk,Female,Human Resources,Wikido
575,Thatcher,Kid,tkidfy@huffingtonpost.com,Male,Training,Agivu
576,Christian,Stolli,cstollifz@moonfruit.com,Male,Product Management,Leenti
577,Ive,Nind,inindg0@netscape.com,Male,Business Development,Meevee
578,Chrisse,Tippetts,ctippettsg1@storify.com,Male,Legal,Wikibox
579,Maudie,Hairs,mhairsg2@aol.com,Female,Sales,Meembee
580,See,Shiers,sshiersg3@typepad.com,Male,Human Resources,Thoughtsphere
581,Addy,Jerisch,ajerischg4@wix.com,Male,Training,Tekfly
582,Aloysius,Tear,atearg5@about.com,Male,Research and Development,Brainverse
583,Con,Waldocke,cwaldockeg6@123-reg.co.uk,Female,Human Resources,Trilia
584,Devon,Pardi,dpardig7@linkedin.com,Female,Support,Flipopia
585,Pete,Bott,pbottg8@mail.ru,Male,Engineering,Edgewire
586,Guss,Panyer,gpanyerg9@netlog.com,Male,Services,Jatri
587,Jay,Hastie,jhastiega@theglobeandmail.com,Male,Support,Pixope
588,Akim,Stallan,astallangb@goo.ne.jp,Male,Engineering,Quatz
589,Jourdain,Labitt,jlabittgc@google.cn,Male,Accounting,Vinder
590,Patricio,Drewery,pdrewerygd@networkadvertising.org,Male,Sales,Twitterbeat
591,Randa,Girardini,rgirardinige@mashable.com,Female,Sales,Edgetag
592,Ynes,Durrance,ydurrancegf@alexa.com,Female,Marketing,Wordtune
593,Colene,Abrehart,cabrehartgg@latimes.com,Female,Human Resources,Divape
594,Earlie,Tegeller,etegellergh@desdev.cn,Male,Accounting,Twitterworks
595,Shane,Bradock,sbradockgi@bloglovin.com,Male,Legal,Eadel
596,Koralle,Norwood,knorwoodgj@1und1.de,Female,Services,Thoughtblab
597,Idell,Foulds,ifouldsgk@squidoo.com,Female,Support,Yakidoo
598,Towney,Dearnaly,tdearnalygl@networksolutions.com,Male,Marketing,Voonix
599,Abbe,Ridpath,aridpathgm@cmu.edu,Male,Accounting,Dabshots
600,Kristos,Glavin,kglavingn@acquirethisname.com,Male,Marketing,Jaloo
601,Trina,Lismer,tlismergo@archive.org,Female,Training,Twitterbeat
602,Darcey,Ringer,dringergp@sohu.com,Female,Training,Voomm
603,Wakefield,Jodlkowski,wjodlkowskigq@buzzfeed.com,Male,Training,Centizu
604,Rosemonde,Stephen,rstephengr@bandcamp.com,Female,Human Resources,Youtags
605,Valida,Milton-White,vmiltonwhitegs@posterous.com,Female,Sales,Jetpulse
606,Staci,Barszczewski,sbarszczewskigt@wordpress.org,Female,Support,Wordify
607,Silvester,Swain,sswaingu@berkeley.edu,Male,Product Management,Jabbertype
608,Tonie,Grayer,tgrayergv@usatoday.com,Female,Product Management,Katz
609,Toinette,Lavallie,tlavalliegw@purevolume.com,Female,Support,Meezzy
610,Petronella,Gotch,pgotchgx@miibeian.gov.cn,Female,Research and Development,Voonte
611,Mariquilla,Danett,mdanettgy@alexa.com,Female,Business Development,Thoughtstorm
612,Romain,Hulkes,rhulkesgz@biblegateway.com,Male,Services,Rhynoodle
613,Meade,Sherrock,msherrockh0@lycos.com,Male,Research and Development,Tambee
614,Tony,Potts,tpottsh1@opera.com,Female,Product Management,Twitterbridge
615,Darcee,Petrashkov,dpetrashkovh2@vinaora.com,Female,Services,Quimba
616,Cordelie,Brigstock,cbrigstockh3@flavors.me,Female,Accounting,Pixoboo
617,Everard,Prantl,eprantlh4@wikipedia.org,Male,Legal,Skimia
618,Eloise,Kimber,ekimberh5@istockphoto.com,Female,Business Development,Edgewire
619,Josey,Berney,jberneyh6@yandex.ru,Female,Legal,Yakitri
620,Quintin,Gatrell,qgatrellh7@paypal.com,Male,Human Resources,Blogtag
621,Ailsun,Hilling,ahillingh8@icq.com,Female,Research and Development,Devshare
622,Salaidh,Taveriner,staverinerh9@mapquest.com,Female,Engineering,Thoughtsphere
623,Thaddeus,Thorneloe,tthorneloeha@lulu.com,Male,Product Management,Zazio
624,Vin,Gledhall,vgledhallhb@ed.gov,Male,Product Management,Jaxnation
625,Almira,Lapthorn,alapthornhc@elegantthemes.com,Female,Human Resources,Eire
626,Arline,Gawkes,agawkeshd@webs.com,Female,Legal,Quimm
627,Carolann,Feirn,cfeirnhe@is.gd,Female,Product Management,Ntag
628,Theresita,Feckey,tfeckeyhf@phoca.cz,Female,Accounting,Omba
629,Jon,Froude,jfroudehg@behance.net,Male,Product Management,Flashpoint
630,Dael,Francioli,dfranciolihh@mashable.com,Male,Business Development,Browsecat
631,Yorgos,Tuffley,ytuffleyhi@nationalgeographic.com,Male,Legal,Trilia
632,Patrizius,Anthoney,panthoneyhj@spiegel.de,Male,Engineering,Yambee
633,Grayce,Hensmans,ghensmanshk@e-recht24.de,Female,Training,Browsedrive
634,Beatrisa,Kochlin,bkochlinhl@ning.com,Female,Engineering,Trilith
635,Hersh,Rubi,hrubihm@indiatimes.com,Male,Sales,Skippad
636,Boothe,Lindenberg,blindenberghn@edublogs.org,Male,Product Management,Aivee
637,Lianne,Emons,lemonsho@themeforest.net,Female,Support,Fanoodle
638,Fabio,Gaddas,fgaddashp@weebly.com,Male,Support,Feednation
639,Cherilynn,Bavridge,cbavridgehq@wsj.com,Female,Product Management,Jazzy
640,Quentin,Olliver,qolliverhr@redcross.org,Female,Legal,Myworks
641,Celeste,Klimashevich,cklimashevichhs@cafepress.com,Female,Product Management,Kazio
642,Idette,Grassin,igrassinht@ed.gov,Female,Training,Eare
643,Brandea,Wyldbore,bwyldborehu@cdbaby.com,Female,Product Management,Chatterbridge
644,Nonna,Kane,nkanehv@eepurl.com,Female,Research and Development,Brainbox
645,Patrica,Gooday,pgoodayhw@dagondesign.com,Female,Services,Zooxo
646,Marcelo,Tailby,mtailbyhx@google.co.jp,Male,Sales,Realcube
647,Jillana,Weightman,jweightmanhy@weebly.com,Female,Support,Twitterwire
648,Arnaldo,Du Pre,aduprehz@china.com.cn,Male,Training,Plambee
649,Borg,Gingell,bgingelli0@friendfeed.com,Male,Support,Edgeclub
650,Heall,Treace,htreacei1@devhub.com,Male,Marketing,Kwilith
651,Caspar,Gawthorp,cgawthorpi2@cbsnews.com,Male,Engineering,Kwinu
652,Robers,Duprey,rdupreyi3@state.tx.us,Male,Sales,Jayo
653,Carolynn,Fairleigh,cfairleighi4@blogtalkradio.com,Female,Legal,Skippad
654,Izak,Trineman,itrinemani5@auda.org.au,Male,Product Management,Yadel
655,Shaylynn,Chiommienti,schiommientii6@creativecommons.org,Female,Business Development,Flashset
656,Barri,Stobbes,bstobbesi7@freewebs.com,Male,Legal,Voolith
657,Phil,Beadle,pbeadlei8@theatlantic.com,Female,Sales,Skibox
658,Omar,Wincer,owinceri9@ow.ly,Male,Human Resources,Pixope
659,Derril,Yeskin,dyeskinia@bluehost.com,Male,Marketing,Gabcube
660,Ker,Vannikov,kvannikovib@cargocollective.com,Male,Accounting,Abata
661,Kristyn,Arnopp,karnoppic@house.gov,Female,Training,Twinte
662,Nichole,Cowell,ncowellid@t-online.de,Male,Support,JumpXS
663,Alexandro,Brimming,abrimmingie@csmonitor.com,Male,Accounting,Pixope
664,Giffer,Hovell,ghovellif@lulu.com,Male,Engineering,Meevee
665,Arman,Gheeraert,agheeraertig@census.gov,Male,Accounting,Wordware
666,Rodolph,Handasyde,rhandasydeih@parallels.com,Male,Training,Trilia
667,Darrick,Rylands,drylandsii@nyu.edu,Male,Marketing,Vinder
668,Lynnelle,Weatherhill,lweatherhillij@soup.io,Female,Product Management,Divavu
669,Caldwell,Okker,cokkerik@sakura.ne.jp,Male,Services,Chatterbridge
670,Ophelie,Tregonna,otregonnail@kickstarter.com,Female,Marketing,Wikibox
671,Jimmie,Dixcey,jdixceyim@homestead.com,Male,Legal,Mita
672,Kynthia,Frayne,kfraynein@digg.com,Female,Research and Development,Browseblab
673,Montgomery,Furney,mfurneyio@forbes.com,Male,Support,Dabfeed
674,Jacky,Tribell,jtribellip@answers.com,Female,Training,Yabox
675,Alica,McGinnell,amcginnelliq@narod.ru,Female,Product Management,Livefish
676,Arron,Lapthorn,alapthornir@bloglines.com,Male,Engineering,Rhynoodle
677,Ivory,Riches,irichesis@yandex.ru,Female,Services,Rhyzio
678,Raf,Senescall,rsenescallit@prnewswire.com,Female,Product Management,Kaymbo
679,Didi,De Cleen,ddecleeniu@devhub.com,Female,Services,Thoughtstorm
680,Allen,Lack,alackiv@dot.gov,Male,Training,Fatz
681,Zacharias,Izhaky,zizhakyiw@ed.gov,Male,Research and Development,Dabjam
682,De,Poad,dpoadix@timesonline.co.uk,Female,Training,Realfire
683,Mohandis,Scala,mscalaiy@cargocollective.com,Male,Marketing,Dabjam
684,Faustine,Ollier,follieriz@irs.gov,Female,Business Development,Youtags
685,Ladonna,Sowman,lsowmanj0@imageshack.us,Female,Support,Zoomdog
686,Windy,Sunock,wsunockj1@sfgate.com,Female,Business Development,Buzzshare
687,Sarge,Adshead,sadsheadj2@pcworld.com,Male,Business Development,Roodel
688,Pansie,McKimm,pmckimmj3@jugem.jp,Female,Product Management,Quatz
689,Tad,Forgie,tforgiej4@newyorker.com,Male,Human Resources,Agimba
690,Justis,Clayborn,jclaybornj5@dot.gov,Male,Sales,Topicshots
691,Solly,Hunnaball,shunnaballj6@google.com.au,Male,Training,LiveZ
692,Diann,Pauel,dpauelj7@blog.com,Female,Business Development,Twimm
693,Putnam,Lovelace,plovelacej8@comsenz.com,Male,Accounting,Zazio
694,Willy,Larret,wlarretj9@pagesperso-orange.fr,Male,Support,JumpXS
695,Isadora,Kempster,ikempsterja@multiply.com,Female,Sales,Browsezoom
696,Caitlin,Meatyard,cmeatyardjb@virginia.edu,Female,Training,Vidoo
697,Demetris,Burtwistle,dburtwistlejc@blogs.com,Female,Services,Ainyx
698,Elwyn,MacCarroll,emaccarrolljd@mail.ru,Male,Human Resources,Ozu
699,Deerdre,McGuinley,dmcguinleyje@narod.ru,Female,Product Management,Feednation
700,Pavel,Verbeke,pverbekejf@comcast.net,Male,Human Resources,Browsetype
701,Lona,Garfitt,lgarfittjg@arizona.edu,Female,Training,Kwimbee
702,Roland,Rebert,rrebertjh@mashable.com,Male,Accounting,Topicstorm
703,Helli,Simpole,hsimpoleji@adobe.com,Female,Accounting,Omba
704,Liva,Culver,lculverjj@samsung.com,Female,Legal,Thoughtstorm
705,Courtney,Doxsey,cdoxseyjk@comsenz.com,Female,Research and Development,Skippad
706,Martynne,Drewery,mdreweryjl@addtoany.com,Female,Product Management,Skaboo
707,Wilona,Jiracek,wjiracekjm@tinyurl.com,Female,Legal,JumpXS
708,Joshuah,Brockington,jbrockingtonjn@newyorker.com,Male,Product Management,Nlounge
709,Blondy,Esmead,besmeadjo@reddit.com,Female,Support,Buzzdog
710,Hillary,Spoerl,hspoerljp@sakura.ne.jp,Male,Legal,Livepath
711,Prince,Wight,pwightjq@wsj.com,Male,Business Development,Tagpad
712,Martelle,Stainton - Skinn,mstaintonskinnjr@aboutads.info,Female,Marketing,Realbuzz
713,Oralia,Kernes,okernesjs@mail.ru,Female,Legal,Zazio
714,Lenna,Burstow,lburstowjt@rediff.com,Female,Engineering,Kwideo
715,Milissent,Leversuch,mleversuchju@ox.ac.uk,Female,Training,Reallinks
716,Ambur,Keddle,akeddlejv@de.vu,Female,Training,Wordify
717,Antin,Burch,aburchjw@ed.gov,Male,Research and Development,Yotz
718,Urbain,Seale,usealejx@trellian.com,Male,Business Development,Edgewire
719,Lorilyn,Cocklin,lcocklinjy@dailymotion.com,Female,Product Management,Shufflebeat
720,Kristine,Esterbrook,kesterbrookjz@newyorker.com,Female,Support,Myworks
721,Albertine,Von Brook,avonbrookk0@timesonline.co.uk,Female,Legal,Oozz
722,Northrup,Overstall,noverstallk1@nhs.uk,Male,Product Management,Blogtags
723,Wren,German,wgermank2@people.com.cn,Female,Business Development,Skibox
724,Nealson,Edmenson,nedmensonk3@google.co.jp,Male,Human Resources,Oodoo
725,Asa,Pavic,apavick4@sourceforge.net,Male,Legal,Gigaclub
726,Cleopatra,Thomann,cthomannk5@over-blog.com,Female,Accounting,Thoughtblab
727,Kip,Edgson,kedgsonk6@smugmug.com,Female,Training,Flashpoint
728,Sharron,Zoanetti,szoanettik7@quantcast.com,Female,Product Management,Ooba
729,Imogene,Acreman,iacremank8@biglobe.ne.jp,Female,Support,Leexo
730,Brande,Mingay,bmingayk9@cornell.edu,Female,Legal,Voonder
731,Dimitry,Romaynes,dromayneska@instagram.com,Male,Research and Development,Eare
732,Padriac,Barbe,pbarbekb@moonfruit.com,Male,Human Resources,Buzzdog
733,Vivia,Hansell,vhansellkc@mapy.cz,Female,Business Development,Skinix
734,Adan,Elderton,aeldertonkd@ovh.net,Male,Human Resources,Eamia
735,Rees,Pratley,rpratleyke@examiner.com,Male,Accounting,Gabvine
736,Basia,Stummeyer,bstummeyerkf@homestead.com,Female,Accounting,Wordtune
737,Milty,Holgan,mholgankg@fc2.com,Male,Business Development,Zava
738,Foss,Yerson,fyersonkh@nationalgeographic.com,Male,Support,Topicstorm
739,Keely,Phillins,kphillinski@japanpost.jp,Female,Accounting,Gabcube
740,Jerrilee,Ioannidis,jioannidiskj@jimdo.com,Female,Sales,Miboo
741,Jeffrey,Gayle,jgaylekk@clickbank.net,Male,Sales,Eayo
742,Gisele,Birchenough,gbirchenoughkl@dagondesign.com,Female,Business Development,Mymm
743,Vonny,Tulley,vtulleykm@sogou.com,Female,Human Resources,Einti
744,Crissy,Marsy,cmarsykn@who.int,Female,Human Resources,Babblestorm
745,Jennica,Place,jplaceko@weather.com,Female,Accounting,Browsebug
746,Wilhelmine,Coulston,wcoulstonkp@wsj.com,Female,Product Management,Eare
747,Devinne,Stibbs,dstibbskq@dagondesign.com,Female,Legal,Zoovu
748,Tobiah,Inston,tinstonkr@cbslocal.com,Male,Engineering,Leexo
749,Findlay,Vinnick,fvinnickks@huffingtonpost.com,Male,Business Development,Linkbuzz
750,Iain,Vasilischev,ivasilischevkt@ustream.tv,Male,Support,Abata
751,Miguelita,Tokell,mtokellku@sourceforge.net,Female,Business Development,Fivespan
752,Alanna,Geraghty,ageraghtykv@lulu.com,Female,Services,Bluezoom
753,Tammara,Jirek,tjirekkw@berkeley.edu,Female,Services,Meevee
754,Brietta,Bourthoumieux,bbourthoumieuxkx@wisc.edu,Female,Product Management,Kwimbee
755,Wilhelmine,Mannooch,wmannoochky@scribd.com,Female,Business Development,Agimba
756,Farrel,Lympany,flympanykz@imgur.com,Male,Services,Zoomdog
757,Tamara,Yvens,tyvensl0@xrea.com,Female,Product Management,Livefish
758,Griffin,Van Eeden,gvaneedenl1@istockphoto.com,Male,Services,Realcube
759,Reagan,Sonner,rsonnerl2@google.nl,Male,Product Management,Buzzbean
760,Thaddus,Blaschek,tblaschekl3@51.la,Male,Legal,Zoozzy
761,Evan,Dicte,edictel4@npr.org,Male,Sales,Yombu
762,Parsifal,Inmett,pinmettl5@icio.us,Male,Legal,Skalith
763,Haze,Laetham,hlaethaml6@rediff.com,Male,Support,Tagchat
764,Ronnica,Nickerson,rnickersonl7@examiner.com,Female,Business Development,Flashpoint
765,Dorie,Gethyn,dgethynl8@hhs.gov,Male,Marketing,Roombo
766,Kimmi,Swalowe,kswalowel9@php.net,Female,Research and Development,Jabbercube
767,Jocelyn,Stammirs,jstammirsla@admin.ch,Female,Services,Skimia
768,Selig,Jerwood,sjerwoodlb@google.com.br,Male,Human Resources,Dablist
769,Allis,Tribell,atribelllc@examiner.com,Female,Engineering,Livefish
770,Bat,Brown,bbrownld@lycos.com,Male,Accounting,Divavu
771,Guillemette,Exton,gextonle@soundcloud.com,Female,Services,Thoughtblab
772,Diane,Kilminster,dkilminsterlf@cdc.gov,Female,Human Resources,Rhycero
773,Bernard,Schubbert,bschubbertlg@unblog.fr,Male,Support,Dynabox
774,Fidelity,O'Longain,folongainlh@canalblog.com,Female,Support,Fivebridge
775,Aubrey,Tabour,atabourli@surveymonkey.com,Female,Marketing,Gabtype
776,Adelaide,Tracey,atraceylj@house.gov,Female,Accounting,Skimia
777,Doretta,Morfield,dmorfieldlk@indiatimes.com,Female,Accounting,Jabbertype
778,Hurleigh,Webby,hwebbyll@huffingtonpost.com,Male,Research and Development,Oyonder
779,Sheilakathryn,Hunnicutt,shunnicuttlm@dyndns.org,Female,Legal,Abata
780,Thorny,Brightey,tbrighteyln@timesonline.co.uk,Male,Legal,Buzzdog
781,Iosep,Hyrons,ihyronslo@prlog.org,Male,Engineering,Flashpoint
782,Jacqui,Francillo,jfrancillolp@posterous.com,Female,Legal,Realbuzz
783,Wallis,Ollive,wollivelq@bloglovin.com,Female,Sales,Divavu
784,Renie,Sherburn,rsherburnlr@webeden.co.uk,Female,Business Development,Realcube
785,Reeba,Rastrick,rrastrickls@oracle.com,Female,Human Resources,Skipstorm
786,Felisha,Trevear,ftrevearlt@google.ru,Female,Services,Realmix
787,Tadd,Bernardos,tbernardoslu@unicef.org,Male,Support,Jaxbean
788,Justina,Mullord,jmullordlv@google.ca,Female,Sales,Gigaclub
789,Angus,Blas,ablaslw@dot.gov,Male,Sales,Twitterlist
790,Joyce,Shurman,jshurmanlx@deliciousdays.com,Female,Sales,Zava
791,Lorraine,McLaine,lmclainely@ft.com,Female,Legal,Skilith
792,Brooks,Antcliffe,bantcliffelz@tiny.cc,Female,Human Resources,Kare
793,Gretal,Stubbin,gstubbinm0@ed.gov,Female,Accounting,Feedfire
794,Emmey,Pfaffel,epfaffelm1@xinhuanet.com,Female,Research and Development,Meembee
795,Pepito,Rioch,priochm2@google.ru,Male,Marketing,Rhynyx
796,Jemie,Duprey,jdupreym3@earthlink.net,Female,Sales,Dabfeed
797,Keary,Dorgon,kdorgonm4@symantec.com,Male,Support,Skyndu
798,Elita,Holdey,eholdeym5@dion.ne.jp,Female,Product Management,Gigaclub
799,Shaughn,Blacksell,sblacksellm6@mayoclinic.com,Male,Support,Wikibox
800,Zia,Aitkenhead,zaitkenheadm7@wikimedia.org,Female,Marketing,Skimia
801,Ephrayim,Vivash,evivashm8@arstechnica.com,Male,Human Resources,Geba
802,Enrique,Petegre,epetegrem9@state.gov,Male,Human Resources,Jamia
803,Carline,Airds,cairdsma@businessinsider.com,Female,Services,Aimbu
804,Pippa,Bracchi,pbracchimb@hibu.com,Female,Accounting,Wikivu
805,Dorene,Chestnutt,dchestnuttmc@webeden.co.uk,Female,Product Management,Vipe
806,Porter,Coutts,pcouttsmd@si.edu,Male,Services,LiveZ
807,Sadye,Endley,sendleyme@pagesperso-orange.fr,Female,Training,Thoughtstorm
808,Thorndike,Cossem,tcossemmf@phoca.cz,Male,Business Development,Bubblemix
809,Fionnula,Mannin,fmanninmg@redcross.org,Female,Engineering,Jaxworks
810,Allina,Mushett,amushettmh@home.pl,Female,Business Development,Yambee
811,Aleda,Headington,aheadingtonmi@engadget.com,Female,Business Development,Meejo
812,Lauraine,Bean,lbeanmj@hao123.com,Female,Human Resources,Vidoo
813,Neall,Crucitti,ncrucittimk@list-manage.com,Male,Business Development,Wordify
814,Brantley,Gogan,bgoganml@wikimedia.org,Male,Support,Jayo
815,Darn,Werrilow,dwerrilowmm@webeden.co.uk,Male,Product Management,Edgeify
816,Teri,Kidney,tkidneymn@usa.gov,Female,Training,Jetwire
817,Brew,Abramovitch,babramovitchmo@bluehost.com,Male,Support,Brightbean
818,Benedicto,Carbery,bcarberymp@simplemachines.org,Male,Legal,Camido
819,Quincy,Yard,qyardmq@hud.gov,Male,Training,Myworks
820,Pepillo,Gowler,pgowlermr@i2i.jp,Male,Research and Development,Voonix
821,Isidoro,Edie,iediems@apache.org,Male,Marketing,Brainverse
822,Reba,Rapo,rrapomt@clickbank.net,Female,Sales,Dabshots
823,Hiram,Gaudon,hgaudonmu@npr.org,Male,Product Management,Dynazzy
824,Gunner,Rylstone,grylstonemv@so-net.ne.jp,Male,Human Resources,Kwideo
825,Allen,Pellatt,apellattmw@macromedia.com,Male,Services,Jazzy
826,Stanford,Trew,strewmx@zimbio.com,Male,Engineering,Skyndu
827,Carmine,L'Archer,clarchermy@multiply.com,Male,Legal,Voolith
828,Doreen,Covill,dcovillmz@marketwatch.com,Female,Legal,Kanoodle
829,Glen,Seagar,gseagarn0@pbs.org,Male,Engineering,Lazz
830,Sophie,Odeson,sodesonn1@senate.gov,Female,Research and Development,Izio
831,Ketti,Ducham,kduchamn2@a8.net,Female,Sales,Thoughtmix
832,Ginger,Couth,gcouthn3@independent.co.uk,Male,Business Development,Meembee
833,Sylas,Upston,supstonn4@tamu.edu,Male,Services,Oyondu
834,Darcy,Ashbolt,dashboltn5@webnode.com,Female,Product Management,Aivee
835,Meggie,Plan,mplann6@clickbank.net,Female,Research and Development,Centimia
836,Brittni,O'Deoran,bodeorann7@cloudflare.com,Female,Accounting,Yombu
837,Camilla,Lornsen,clornsenn8@unc.edu,Female,Sales,Jabbertype
838,Harlene,McNeil,hmcneiln9@usatoday.com,Female,Support,Muxo
839,Nara,Bierman,nbiermanna@surveymonkey.com,Female,Business Development,Snaptags
840,Hernando,Irons,hironsnb@ycombinator.com,Male,Accounting,Fivechat
841,Evangelina,Denisot,edenisotnc@lycos.com,Female,Business Development,Dabshots
842,Albie,Leban,alebannd@over-blog.com,Male,Legal,Dabvine
843,Paxton,Berkeley,pberkeleyne@un.org,Male,Product Management,Youspan
844,Launce,Rispin,lrispinnf@ted.com,Male,Support,Ooba
845,Norma,Hook,nhookng@yahoo.com,Female,Human Resources,Vinder
846,Osgood,Ring,oringnh@taobao.com,Male,Sales,Yambee
847,Bertram,Trevers,btreversni@state.tx.us,Male,Sales,Zoonoodle
848,Bondon,Prichet,bprichetnj@tripod.com,Male,Human Resources,Centimia
849,Rickie,Skerratt,rskerrattnk@gmpg.org,Female,Training,Cogibox
850,Violetta,Robatham,vrobathamnl@npr.org,Female,Sales,Fivespan
851,Paco,Taffarello,ptaffarellonm@histats.com,Male,Product Management,Kazu
852,Addie,Wrout,awroutnn@parallels.com,Male,Legal,Kamba
853,Dorey,Dowderswell,ddowderswellno@wix.com,Male,Training,Jabbercube
854,Augustin,Baversor,abaversornp@accuweather.com,Male,Product Management,Blogtag
855,Raviv,Petrozzi,rpetrozzinq@washingtonpost.com,Male,Sales,Blogpad
856,Ambrose,Pales,apalesnr@ucsd.edu,Male,Services,Roombo
857,Teirtza,Fargher,tfargherns@apache.org,Female,Product Management,Voonte
858,Joe,Mar,jmarnt@cloudflare.com,Male,Marketing,Jaxbean
859,Veriee,Wolton,vwoltonnu@cbsnews.com,Female,Product Management,Jetpulse
860,Rod,Upstell,rupstellnv@freewebs.com,Male,Training,Skyndu
861,Hersch,Cahen,hcahennw@accuweather.com,Male,Research and Development,Voolith
862,Nahum,Mullineux,nmullineuxnx@simplemachines.org,Male,Business Development,Zoonder
863,Aline,Gottschalk,agottschalkny@booking.com,Female,Training,InnoZ
864,Nichole,Smallpeace,nsmallpeacenz@webmd.com,Male,Marketing,Tagpad
865,Cyrill,Milsom,cmilsomo0@stumbleupon.com,Male,Support,Oloo
866,Mauricio,Dacres,mdacreso1@cbsnews.com,Male,Engineering,Pixonyx
867,Gratiana,Elsmere,gelsmereo2@hud.gov,Female,Marketing,Oyoba
868,Chelsie,Lowres,clowreso3@weibo.com,Female,Sales,InnoZ
869,Obadiah,Widdup,owiddupo4@addtoany.com,Male,Training,Skalith
870,Loella,Males,lmaleso5@soup.io,Female,Legal,Yotz
871,Moss,Rispine,mrispineo6@ox.ac.uk,Male,Services,Yamia
872,Christi,Marguerite,cmargueriteo7@multiply.com,Female,Product Management,Aibox
873,Ganny,Maggs,gmaggso8@liveinternet.ru,Male,Business Development,Skyvu
874,Zaria,Dyshart,zdysharto9@ucoz.ru,Female,Accounting,Youtags
875,Gustav,Swainson,gswainsonoa@disqus.com,Male,Business Development,Jaxnation
876,Lombard,Rasmus,lrasmusob@hhs.gov,Male,Engineering,Thoughtbridge
877,Shirlene,Camelli,scamellioc@stumbleupon.com,Female,Business Development,Ntag
878,Rusty,Meece,rmeeceod@java.com,Male,Services,Abata
879,Maddi,Pagden,mpagdenoe@admin.ch,Female,Human Resources,Thoughtblab
880,Inglis,Valde,ivaldeof@yolasite.com,Male,Services,Eadel
881,Mohandas,Hexham,mhexhamog@soundcloud.com,Male,Marketing,Buzzdog
882,Dominica,Mogey,dmogeyoh@nifty.com,Female,Product Management,Dynazzy
883,Hunfredo,Cunah,hcunahoi@nyu.edu,Male,Sales,BlogXS
884,Gerty,Brownfield,gbrownfieldoj@vinaora.com,Female,Legal,Roombo
885,Wilhelmine,Caffrey,wcaffreyok@craigslist.org,Female,Sales,Yombu
886,Tyler,Iddons,tiddonsol@macromedia.com,Male,Training,Voonyx
887,Mozes,Sedman,msedmanom@aol.com,Male,Product Management,Gigazoom
888,Toinette,MacChaell,tmacchaellon@meetup.com,Female,Research and Development,Eimbee
889,Ericka,Jurzyk,ejurzykoo@bloomberg.com,Female,Engineering,Fiveclub
890,Pearl,Loncaster,ploncasterop@youtu.be,Female,Human Resources,Meemm
891,Garrott,Serrier,gserrieroq@oracle.com,Male,Research and Development,Brightbean
892,Tybalt,Rattry,trattryor@photobucket.com,Male,Accounting,Quatz
893,June,Figg,jfiggos@barnesandnoble.com,Female,Product Management,Eidel
894,Mollee,Philipeaux,mphilipeauxot@123-reg.co.uk,Female,Legal,Tagopia
895,Carlyn,Lindegard,clindegardou@google.de,Female,Accounting,Gigabox
896,Arlen,Bultitude,abultitudeov@bloglovin.com,Male,Sales,Photobean
897,Ellen,Slatter,eslatterow@fc2.com,Female,Product Management,Jabbersphere
898,Charity,Northin,cnorthinox@usa.gov,Female,Accounting,Roodel
899,Demetrius,Bensley,dbensleyoy@etsy.com,Male,Training,Cogibox
900,Shandeigh,Opfer,sopferoz@techcrunch.com,Female,Marketing,Yodoo
901,Davie,Van Arsdall,dvanarsdallp0@wisc.edu,Male,Marketing,Kazu
902,Marylin,Tyers,mtyersp1@google.com.hk,Female,Services,Abata
903,Rutger,Pherps,rpherpsp2@dailymotion.com,Male,Accounting,Buzzshare
904,Jamesy,Leynham,jleynhamp3@irs.gov,Male,Product Management,Realcube
905,Lucilia,Denerley,ldenerleyp4@stanford.edu,Female,Support,Cogilith
906,Beitris,Betham,bbethamp5@deliciousdays.com,Female,Training,Vitz
907,Griffith,Benediktovich,gbenediktovichp6@elpais.com,Male,Sales,Brainbox
908,Montague,Riddall,mriddallp7@opensource.org,Male,Sales,Buzzbean
909,Lenette,Jerams,ljeramsp8@ow.ly,Female,Engineering,Yamia
910,Blancha,Beckwith,bbeckwithp9@cbc.ca,Female,Product Management,Bluezoom
911,Nichol,Cicccitti,ncicccittipa@woothemes.com,Female,Human Resources,Shuffledrive
912,Clara,Pattrick,cpattrickpb@aol.com,Female,Engineering,Skiptube
913,Andriana,Satterfitt,asatterfittpc@google.pl,Female,Research and Development,Oozz
914,Garfield,Dobrowlski,gdobrowlskipd@biglobe.ne.jp,Male,Product Management,Wordtune
915,Alec,Perrone,aperronepe@discuz.net,Male,Training,Abata
916,Aggi,Eilhertsen,aeilhertsenpf@youtube.com,Female,Legal,Aibox
917,Agnes,Seedhouse,aseedhousepg@posterous.com,Female,Marketing,Rhynyx
918,Fidelio,Althorp,falthorpph@tamu.edu,Male,Legal,Oyonder
919,Tonie,Tolan,ttolanpi@spotify.com,Female,Human Resources,Feedfire
920,Corbin,Philpin,cphilpinpj@dedecms.com,Male,Marketing,Camido
921,Jeanine,Spires,jspirespk@guardian.co.uk,Female,Sales,Wordtune
922,Gerri,Gilfillan,ggilfillanpl@nasa.gov,Male,Engineering,Feednation
923,Eduardo,Saunders,esaunderspm@php.net,Male,Marketing,Eidel
924,Byron,Harrington,bharringtonpn@nifty.com,Male,Business Development,Twimbo
925,Carina,Grills,cgrillspo@vinaora.com,Female,Marketing,Skimia
926,Jesselyn,Pasquale,jpasqualepp@ibm.com,Female,Legal,Skiba
927,Bran,Mulqueeny,bmulqueenypq@state.gov,Male,Human Resources,Photojam
928,Garrott,Shrigley,gshrigleypr@reddit.com,Male,Training,Voonte
929,Dolores,Britten,dbrittenps@dell.com,Female,Legal,Cogidoo
930,Paquito,Anwell,panwellpt@slate.com,Male,Support,Eidel
931,Laughton,Dartan,ldartanpu@theatlantic.com,Male,Marketing,Browsecat
932,Cassy,Dron,cdronpv@seattletimes.com,Female,Sales,Eire
933,Kaylil,Mangeon,kmangeonpw@google.ca,Female,Training,Twimm
934,Andros,Duffrie,aduffriepx@craigslist.org,Male,Accounting,Babblestorm
935,Erik,Ridger,eridgerpy@comsenz.com,Male,Training,Linkbridge
936,Quent,Faers,qfaerspz@mysql.com,Male,Support,Roomm
937,Berky,Pairpoint,bpairpointq0@hc360.com,Male,Services,Bluezoom
938,Silva,Desvignes,sdesvignesq1@latimes.com,Female,Training,Zooxo
939,Brendan,Hammerich,bhammerichq2@ucoz.com,Male,Research and Development,Npath
940,Estele,Lapslie,elapslieq3@weibo.com,Female,Human Resources,Eabox
941,Mortie,Wigley,mwigleyq4@washingtonpost.com,Male,Marketing,Eazzy
942,Nilson,Hebborn,nhebbornq5@123-reg.co.uk,Male,Legal,Oodoo
943,Toddie,Fontanet,tfontanetq6@xing.com,Male,Product Management,Tagopia
944,Ozzy,Tarte,otarteq7@mac.com,Male,Research and Development,Yodel
945,Rosanna,Fishwick,rfishwickq8@paginegialle.it,Female,Accounting,Tazz
946,Harbert,Huey,hhueyq9@cdc.gov,Male,Engineering,Rhyzio
947,Sky,Talmadge,stalmadgeqa@marriott.com,Male,Training,Ainyx
948,Wendel,Laurenty,wlaurentyqb@jimdo.com,Male,Services,Voonder
949,Emmett,McSaul,emcsaulqc@microsoft.com,Male,Support,Livepath
950,Hadrian,Ickovits,hickovitsqd@salon.com,Male,Support,Zoomcast
951,Essie,Hobbing,ehobbingqe@answers.com,Female,Marketing,Jabbersphere
952,Cristian,Matyja,cmatyjaqf@wikispaces.com,Male,Training,Youtags
953,Issie,Morgans,imorgansqg@youtu.be,Female,Legal,Livetube
954,Pepe,Lince,plinceqh@purevolume.com,Male,Human Resources,Realmix
955,Glynnis,Canaan,gcanaanqi@wufoo.com,Female,Marketing,Eamia
956,Devin,Cornelleau,dcornelleauqj@hostgator.com,Female,Legal,Shuffledrive
957,Domenico,Coutthart,dcoutthartqk@ycombinator.com,Male,Business Development,Yotz
958,Aili,Pavese,apaveseql@technorati.com,Female,Training,Devbug
959,Hermia,Oakinfold,hoakinfoldqm@dedecms.com,Female,Training,Jabberstorm
960,Emanuel,Titcomb,etitcombqn@shinystat.com,Male,Services,Minyx
961,Veriee,Campbell,vcampbellqo@sbwire.com,Female,Sales,Babbleblab
962,Karney,Atthow,katthowqp@oakley.com,Male,Business Development,Voonte
963,Cybil,Inch,cinchqq@comsenz.com,Female,Services,Ozu
964,Joane,Sturridge,jsturridgeqr@tiny.cc,Female,Support,Meedoo
965,Elaine,Haysman,ehaysmanqs@usgs.gov,Female,Human Resources,Fadeo
966,Wylie,Francioli,wfrancioliqt@go.com,Male,Accounting,Feedfish
967,Francisco,Selkirk,fselkirkqu@infoseek.co.jp,Male,Marketing,Rhyloo
968,Isahella,Sparshott,isparshottqv@aol.com,Female,Support,Einti
969,Clifford,Boeck,cboeckqw@geocities.jp,Male,Sales,Yodo
970,Curry,Dresche,cdrescheqx@abc.net.au,Male,Marketing,Roodel
971,Ransell,Bendare,rbendareqy@google.nl,Male,Product Management,Eamia
972,Christine,Wenman,cwenmanqz@qq.com,Female,Services,Twimbo
973,Adelheid,Mendez,amendezr0@globo.com,Female,Product Management,Meejo
974,Asher,Weight,aweightr1@uiuc.edu,Male,Human Resources,Muxo
975,Cale,Joao,cjoaor2@umn.edu,Male,Accounting,Ooba
976,Errick,Arkell,earkellr3@huffingtonpost.com,Male,Product Management,Tavu
977,Leslie,Brealey,lbrealeyr4@eepurl.com,Male,Legal,Tagcat
978,Melita,Durno,mdurnor5@hibu.com,Female,Engineering,Reallinks
979,Kin,Stigers,kstigersr6@spotify.com,Male,Support,Gabcube
980,Bonni,Twinbourne,btwinbourner7@chron.com,Female,Services,Gabspot
981,Willie,Savile,wsaviler8@answers.com,Male,Sales,Divavu
982,Skell,Radnedge,sradnedger9@epa.gov,Male,Business Development,Myworks
983,Shena,Cordelette,scordelettera@pcworld.com,Female,Legal,Edgepulse
984,Emili,Claypool,eclaypoolrb@symantec.com,Female,Services,Meezzy
985,Fanni,Furst,ffurstrc@deviantart.com,Female,Product Management,Voonyx
986,Thibaud,Clyma,tclymard@nyu.edu,Male,Sales,Zoomcast
987,Toby,Sommerlie,tsommerliere@slate.com,Male,Accounting,Muxo
988,Andy,Winteringham,awinteringhamrf@stumbleupon.com,Female,Training,Trilith
989,Lisetta,Fensome,lfensomerg@cnn.com,Female,Marketing,Edgetag
990,Thorpe,Findlay,tfindlayrh@un.org,Male,Services,Yodel
991,Minda,Tenny,mtennyri@soundcloud.com,Female,Sales,Youfeed
992,Elyssa,Womack,ewomackrj@sphinn.com,Female,Engineering,Tazz
993,Gussie,Vasyutin,gvasyutinrk@google.ru,Female,Accounting,Wikizz
994,Mary,Chatelet,mchateletrl@liveinternet.ru,Female,Business Development,Kayveo
995,Madelene,Milsom,mmilsomrm@bizjournals.com,Female,Support,Fanoodle
996,Briggs,Hacker,bhackerrn@youku.com,Male,Product Management,Devpoint
997,Caron,Edgell,cedgellro@latimes.com,Female,Marketing,Dabvine
998,Andie,Hartridge,ahartridgerp@wiley.com,Male,Legal,Oyope
999,Lucas,Morter,lmorterrq@ustream.tv,Male,Accounting,Zoomcast
1000,Kory,Fordy,kfordyrr@tinypic.com,Male,Research and Development,Linktype